del_suburb,total
NSW,129336.2400000000000000
QLD,20506.6700000000000000
SA,20298.8000000000000000
TAS,2325.7000000000000000
VIC,115849.1000000000000000
WA,3451.5000000000000000