ID,LY_SALES
1982,13288
1981,26334.1000366211
1988,0
1987,60301.8996734619
1999,9388.5
1985,6440
1986,21497.2000274658
1980,505838.448787689
9999,1176.5000038147